{
  "winner": {
    "n_estimators": 134,
    "max_depth": 5,
    "learning_rate": 0.010270455000331998,
    "num_leaves": 70,
    "min_child_samples": 83,
    "min_child_weight": 0.017931084586709795,
    "subsample": 0.5701498810975753,
    "subsample_freq": 3,
    "colsample_bytree": 0.5003393873587485,
    "reg_alpha": 0.5628144099318506,
    "reg_lambda": 44.915209845097905,
    "random_state": 42,
    "verbosity": -1,
    "n_jobs": 4
  },
  "total_kills": {
    "n_estimators": 348,
    "max_depth": 7,
    "learning_rate": 0.009841682350000415,
    "num_leaves": 41,
    "min_child_samples": 94,
    "min_child_weight": 2.581152320201646e-05,
    "subsample": 0.6658882625729722,
    "subsample_freq": 4,
    "colsample_bytree": 0.5964927028912672,
    "reg_alpha": 0.000908452613673899,
    "reg_lambda": 2.559333827880085e-08,
    "random_state": 42,
    "verbosity": -1,
    "n_jobs": 4
  },
  "total_dragons": {
    "n_estimators": 720,
    "max_depth": 3,
    "learning_rate": 0.012077092845715818,
    "num_leaves": 18,
    "min_child_samples": 92,
    "min_child_weight": 0.05286760324183349,
    "subsample": 0.9272168826069216,
    "subsample_freq": 2,
    "colsample_bytree": 0.8229438155984299,
    "reg_alpha": 0.032241185999840806,
    "reg_lambda": 2.2503542570226776,
    "random_state": 42,
    "verbosity": -1,
    "n_jobs": 4
  },
  "total_towers": {
    "n_estimators": 100,
    "max_depth": 7,
    "learning_rate": 0.005466679386993878,
    "num_leaves": 114,
    "min_child_samples": 28,
    "min_child_weight": 4.225902573680458e-05,
    "subsample": 0.5427474041676148,
    "subsample_freq": 1,
    "colsample_bytree": 0.5097211050213634,
    "reg_alpha": 0.008857926334032554,
    "reg_lambda": 51.73708886607233,
    "random_state": 42,
    "verbosity": -1,
    "n_jobs": 4
  },
  "total_barons": {
    "n_estimators": 727,
    "max_depth": 9,
    "learning_rate": 0.04366237608435851,
    "num_leaves": 56,
    "min_child_samples": 92,
    "min_child_weight": 0.2323234185301922,
    "subsample": 0.9486996542543246,
    "subsample_freq": 4,
    "colsample_bytree": 0.8451137121245971,
    "reg_alpha": 12.6764470896397,
    "reg_lambda": 32.714046550389654,
    "random_state": 42,
    "verbosity": -1,
    "n_jobs": 4
  },
  "game_time": {
    "n_estimators": 273,
    "max_depth": 3,
    "learning_rate": 0.00595280792332807,
    "num_leaves": 75,
    "min_child_samples": 48,
    "min_child_weight": 0.05111241103007066,
    "subsample": 0.7268275524273484,
    "subsample_freq": 7,
    "colsample_bytree": 0.5408349475791525,
    "reg_alpha": 13.064526312225443,
    "reg_lambda": 1.0865424168615925e-07,
    "random_state": 42,
    "verbosity": -1,
    "n_jobs": 4
  }
}