{
  "winner": {
    "n_estimators": 122,
    "max_depth": 3,
    "learning_rate": 0.008774382622137667,
    "num_leaves": 45,
    "min_child_samples": 88,
    "min_child_weight": 0.00024139678482511595,
    "subsample": 0.5341369981398382,
    "subsample_freq": 7,
    "colsample_bytree": 0.8132302456126461,
    "reg_alpha": 0.05248980943595163,
    "reg_lambda": 2.777665682642005e-06,
    "random_state": 42,
    "verbosity": -1,
    "n_jobs": 4
  },
  "total_kills": {
    "n_estimators": 517,
    "max_depth": 12,
    "learning_rate": 0.005005368770755762,
    "num_leaves": 66,
    "min_child_samples": 72,
    "min_child_weight": 0.0014478533405977618,
    "subsample": 0.5465085837367317,
    "subsample_freq": 4,
    "colsample_bytree": 0.9340493465153249,
    "reg_alpha": 0.005081560084214643,
    "reg_lambda": 1.105471089560019e-05,
    "random_state": 42,
    "verbosity": -1,
    "n_jobs": 4
  },
  "total_dragons": {
    "n_estimators": 757,
    "max_depth": 11,
    "learning_rate": 0.008503073505971872,
    "num_leaves": 22,
    "min_child_samples": 58,
    "min_child_weight": 0.0037220188393300296,
    "subsample": 0.6175385352212441,
    "subsample_freq": 3,
    "colsample_bytree": 0.6437168637628626,
    "reg_alpha": 0.004266730633810345,
    "reg_lambda": 29.413086008640335,
    "random_state": 42,
    "verbosity": -1,
    "n_jobs": 4
  },
  "total_towers": {
    "n_estimators": 124,
    "max_depth": 12,
    "learning_rate": 0.29087251277449333,
    "num_leaves": 125,
    "min_child_samples": 67,
    "min_child_weight": 0.014517487620692056,
    "subsample": 0.6074345383523833,
    "subsample_freq": 4,
    "colsample_bytree": 0.5874214769993424,
    "reg_alpha": 94.32228509105039,
    "reg_lambda": 0.04127281988173889,
    "random_state": 42,
    "verbosity": -1,
    "n_jobs": 4
  },
  "total_barons": {
    "n_estimators": 371,
    "max_depth": 11,
    "learning_rate": 0.01293050383178762,
    "num_leaves": 93,
    "min_child_samples": 46,
    "min_child_weight": 0.0021440531377011083,
    "subsample": 0.5147959902843631,
    "subsample_freq": 2,
    "colsample_bytree": 0.7759551364051323,
    "reg_alpha": 0.000878817652866595,
    "reg_lambda": 0.17789340196032136,
    "random_state": 42,
    "verbosity": -1,
    "n_jobs": 4
  },
  "game_time": {
    "n_estimators": 226,
    "max_depth": 6,
    "learning_rate": 0.00624643789448714,
    "num_leaves": 94,
    "min_child_samples": 50,
    "min_child_weight": 0.0003969068893195894,
    "subsample": 0.7773516412366909,
    "subsample_freq": 3,
    "colsample_bytree": 0.7568970066074712,
    "reg_alpha": 0.005739403931829265,
    "reg_lambda": 8.347344234920971e-08,
    "random_state": 42,
    "verbosity": -1,
    "n_jobs": 4
  }
}