{
  "winner": {
    "n_estimators": 799,
    "max_depth": 5,
    "learning_rate": 0.006525340518734644,
    "num_leaves": 111,
    "min_child_samples": 77,
    "min_child_weight": 1.3689510231688252e-05,
    "subsample": 0.6055326882027905,
    "subsample_freq": 1,
    "colsample_bytree": 0.6119106413312784,
    "reg_alpha": 9.748449937849308e-06,
    "reg_lambda": 1.5916491480559825e-07,
    "random_state": 42,
    "verbosity": -1,
    "n_jobs": 4
  },
  "total_kills": {
    "n_estimators": 501,
    "max_depth": 9,
    "learning_rate": 0.022204924200697845,
    "num_leaves": 16,
    "min_child_samples": 100,
    "min_child_weight": 0.006004252786235456,
    "subsample": 0.8351096732095967,
    "subsample_freq": 5,
    "colsample_bytree": 0.5551462500287254,
    "reg_alpha": 3.10780924345173,
    "reg_lambda": 90.6779318572053,
    "random_state": 42,
    "verbosity": -1,
    "n_jobs": 4
  },
  "total_dragons": {
    "n_estimators": 439,
    "max_depth": 4,
    "learning_rate": 0.023349529643986122,
    "num_leaves": 81,
    "min_child_samples": 85,
    "min_child_weight": 6.667221277291762,
    "subsample": 0.5377235482671769,
    "subsample_freq": 1,
    "colsample_bytree": 0.7159004021258583,
    "reg_alpha": 2.4534016130313007e-06,
    "reg_lambda": 9.720780761606436,
    "random_state": 42,
    "verbosity": -1,
    "n_jobs": 4
  },
  "total_towers": {
    "n_estimators": 421,
    "max_depth": 3,
    "learning_rate": 0.006285312205822115,
    "num_leaves": 106,
    "min_child_samples": 15,
    "min_child_weight": 0.35133634273182335,
    "subsample": 0.8537222823373651,
    "subsample_freq": 4,
    "colsample_bytree": 0.6611961405129081,
    "reg_alpha": 0.00017055837229903073,
    "reg_lambda": 0.0007055517231525376,
    "random_state": 42,
    "verbosity": -1,
    "n_jobs": 4
  },
  "total_barons": {
    "n_estimators": 476,
    "max_depth": 11,
    "learning_rate": 0.028892360419524702,
    "num_leaves": 61,
    "min_child_samples": 12,
    "min_child_weight": 0.004364032094436143,
    "subsample": 0.6601652126746372,
    "subsample_freq": 3,
    "colsample_bytree": 0.7077686186602998,
    "reg_alpha": 0.1536710624243795,
    "reg_lambda": 66.65827691056116,
    "random_state": 42,
    "verbosity": -1,
    "n_jobs": 4
  },
  "game_time": {
    "n_estimators": 686,
    "max_depth": 6,
    "learning_rate": 0.008105834402205107,
    "num_leaves": 93,
    "min_child_samples": 100,
    "min_child_weight": 1.2039057528345178,
    "subsample": 0.5162404008883191,
    "subsample_freq": 1,
    "colsample_bytree": 0.6956799214341131,
    "reg_alpha": 2.884148977379921,
    "reg_lambda": 2.1813129381398777e-07,
    "random_state": 42,
    "verbosity": -1,
    "n_jobs": 4
  }
}