{
  "winner": {
    "n_estimators": 218,
    "max_depth": 4,
    "learning_rate": 0.015904906053435235,
    "num_leaves": 41,
    "min_child_samples": 33,
    "subsample": 0.7163727961068257,
    "colsample_bytree": 0.663340949459935,
    "reg_alpha": 1.4328834761127578e-05,
    "reg_lambda": 1.0878124984637665,
    "random_state": 42,
    "verbosity": -1
  },
  "total_kills": {
    "n_estimators": 225,
    "max_depth": 3,
    "learning_rate": 0.01277648162496844,
    "num_leaves": 29,
    "min_child_samples": 36,
    "subsample": 0.862936587776391,
    "colsample_bytree": 0.6357414351137448,
    "reg_alpha": 4.082361818080828e-06,
    "reg_lambda": 0.0010039793112901877,
    "random_state": 42,
    "verbosity": -1
  },
  "total_dragons": {
    "n_estimators": 127,
    "max_depth": 4,
    "learning_rate": 0.036046969689776935,
    "num_leaves": 15,
    "min_child_samples": 34,
    "subsample": 0.8366070683982904,
    "colsample_bytree": 0.8255898796085732,
    "reg_alpha": 0.0381292560992748,
    "reg_lambda": 0.011897350941656523,
    "random_state": 42,
    "verbosity": -1
  },
  "total_towers": {
    "n_estimators": 118,
    "max_depth": 6,
    "learning_rate": 0.012333511131052851,
    "num_leaves": 56,
    "min_child_samples": 25,
    "subsample": 0.9348852098856093,
    "colsample_bytree": 0.797807380951436,
    "reg_alpha": 1.4133872658759014e-05,
    "reg_lambda": 0.0010663264545121003,
    "random_state": 42,
    "verbosity": -1
  },
  "total_barons": {
    "n_estimators": 319,
    "max_depth": 7,
    "learning_rate": 0.018954674906544608,
    "num_leaves": 45,
    "min_child_samples": 17,
    "subsample": 0.6156869695402162,
    "colsample_bytree": 0.9965893177518297,
    "reg_alpha": 4.445228114011482,
    "reg_lambda": 0.14882143185458763,
    "random_state": 42,
    "verbosity": -1
  },
  "game_time": {
    "n_estimators": 100,
    "max_depth": 9,
    "learning_rate": 0.010155451568961586,
    "num_leaves": 33,
    "min_child_samples": 50,
    "subsample": 0.7329426534949552,
    "colsample_bytree": 0.6600632366364331,
    "reg_alpha": 5.635141177702652e-07,
    "reg_lambda": 4.926729291950778,
    "random_state": 42,
    "verbosity": -1
  }
}