{
  "winner": {
    "n_estimators": 352,
    "max_depth": 3,
    "learning_rate": 0.006373542206904423,
    "num_leaves": 39,
    "min_child_samples": 100,
    "min_child_weight": 3.358408020306594e-05,
    "subsample": 0.6620629303459814,
    "subsample_freq": 6,
    "colsample_bytree": 0.5737412931851349,
    "reg_alpha": 0.0008852628358095372,
    "reg_lambda": 0.00013871463211698152,
    "random_state": 42,
    "verbosity": -1,
    "n_jobs": 4
  },
  "total_kills": {
    "n_estimators": 401,
    "max_depth": 5,
    "learning_rate": 0.00637452766954831,
    "num_leaves": 94,
    "min_child_samples": 92,
    "min_child_weight": 0.005220836839554555,
    "subsample": 0.5079247313922279,
    "subsample_freq": 3,
    "colsample_bytree": 0.7428493472682794,
    "reg_alpha": 0.00044399872444986227,
    "reg_lambda": 0.1623651128870956,
    "random_state": 42,
    "verbosity": -1,
    "n_jobs": 4
  },
  "total_dragons": {
    "n_estimators": 752,
    "max_depth": 3,
    "learning_rate": 0.013278785626442484,
    "num_leaves": 75,
    "min_child_samples": 38,
    "min_child_weight": 0.016042767696287305,
    "subsample": 0.7351936718731312,
    "subsample_freq": 2,
    "colsample_bytree": 0.8582968842077446,
    "reg_alpha": 0.002090120530084634,
    "reg_lambda": 0.0011253929719379084,
    "random_state": 42,
    "verbosity": -1,
    "n_jobs": 4
  },
  "total_towers": {
    "n_estimators": 116,
    "max_depth": 10,
    "learning_rate": 0.005530287414963982,
    "num_leaves": 28,
    "min_child_samples": 96,
    "min_child_weight": 2.3084677205738826,
    "subsample": 0.592035628474475,
    "subsample_freq": 7,
    "colsample_bytree": 0.8298821773086922,
    "reg_alpha": 55.091021198323716,
    "reg_lambda": 0.0005645810134401142,
    "random_state": 42,
    "verbosity": -1,
    "n_jobs": 4
  },
  "total_barons": {
    "n_estimators": 526,
    "max_depth": 3,
    "learning_rate": 0.06670198831049132,
    "num_leaves": 91,
    "min_child_samples": 81,
    "min_child_weight": 0.1253403389153878,
    "subsample": 0.6487474292038045,
    "subsample_freq": 5,
    "colsample_bytree": 0.6936762466551598,
    "reg_alpha": 5.721040238273966e-07,
    "reg_lambda": 0.019328988018276528,
    "random_state": 42,
    "verbosity": -1,
    "n_jobs": 4
  },
  "game_time": {
    "n_estimators": 556,
    "max_depth": 7,
    "learning_rate": 0.006280412556688013,
    "num_leaves": 51,
    "min_child_samples": 78,
    "min_child_weight": 0.0001486229499543042,
    "subsample": 0.5703001896596093,
    "subsample_freq": 3,
    "colsample_bytree": 0.5173029538054638,
    "reg_alpha": 0.050339773034331826,
    "reg_lambda": 1.4422434172114238,
    "random_state": 42,
    "verbosity": -1,
    "n_jobs": 4
  }
}