{
  "winner": {
    "n_estimators": 222,
    "max_depth": 3,
    "learning_rate": 0.01645924078467779,
    "num_leaves": 33,
    "min_child_samples": 55,
    "min_child_weight": 0.0001790595225809304,
    "subsample": 0.5704773234358719,
    "subsample_freq": 1,
    "colsample_bytree": 0.6440877346444989,
    "reg_alpha": 0.0028131278510257463,
    "reg_lambda": 3.059506584574742e-05,
    "random_state": 42,
    "verbosity": -1,
    "n_jobs": 4
  },
  "total_kills": {
    "n_estimators": 442,
    "max_depth": 3,
    "learning_rate": 0.016405532724214595,
    "num_leaves": 77,
    "min_child_samples": 83,
    "min_child_weight": 0.007063914668048404,
    "subsample": 0.711587904057595,
    "subsample_freq": 3,
    "colsample_bytree": 0.6306514098678029,
    "reg_alpha": 2.5084859496900756e-06,
    "reg_lambda": 31.78209296313808,
    "random_state": 42,
    "verbosity": -1,
    "n_jobs": 4
  },
  "total_dragons": {
    "n_estimators": 685,
    "max_depth": 6,
    "learning_rate": 0.010730701814318382,
    "num_leaves": 19,
    "min_child_samples": 61,
    "min_child_weight": 0.11624818236139055,
    "subsample": 0.508293914463928,
    "subsample_freq": 4,
    "colsample_bytree": 0.613247887598969,
    "reg_alpha": 0.028296186164192806,
    "reg_lambda": 5.541971525388804e-07,
    "random_state": 42,
    "verbosity": -1,
    "n_jobs": 4
  },
  "total_towers": {
    "n_estimators": 210,
    "max_depth": 3,
    "learning_rate": 0.009118042033106798,
    "num_leaves": 97,
    "min_child_samples": 65,
    "min_child_weight": 0.01786726570495243,
    "subsample": 0.5471104611245221,
    "subsample_freq": 6,
    "colsample_bytree": 0.5578818416039872,
    "reg_alpha": 5.295408315356521e-08,
    "reg_lambda": 0.11687935793782298,
    "random_state": 42,
    "verbosity": -1,
    "n_jobs": 4
  },
  "total_barons": {
    "n_estimators": 378,
    "max_depth": 9,
    "learning_rate": 0.040844834358167194,
    "num_leaves": 20,
    "min_child_samples": 88,
    "min_child_weight": 0.015099537135438663,
    "subsample": 0.7357019829118402,
    "subsample_freq": 7,
    "colsample_bytree": 0.8253507686099653,
    "reg_alpha": 15.254850672469452,
    "reg_lambda": 2.4340803882244182e-05,
    "random_state": 42,
    "verbosity": -1,
    "n_jobs": 4
  },
  "game_time": {
    "n_estimators": 517,
    "max_depth": 11,
    "learning_rate": 0.005398150811002287,
    "num_leaves": 32,
    "min_child_samples": 38,
    "min_child_weight": 9.620489083278726e-05,
    "subsample": 0.5977984052379333,
    "subsample_freq": 2,
    "colsample_bytree": 0.5446515205139665,
    "reg_alpha": 0.010981165697631991,
    "reg_lambda": 0.05221572060501507,
    "random_state": 42,
    "verbosity": -1,
    "n_jobs": 4
  }
}