{
  "draft_winner": {
    "n_estimators": 763,
    "max_depth": 7,
    "learning_rate": 0.008164219198694535,
    "num_leaves": 19,
    "min_child_samples": 96,
    "min_child_weight": 0.939456402515058,
    "subsample": 0.5244626351932159,
    "subsample_freq": 2,
    "colsample_bytree": 0.9288251922303777,
    "reg_alpha": 2.3687201091670496e-06,
    "reg_lambda": 0.00032824099019520354,
    "random_state": 42,
    "verbosity": -1,
    "n_jobs": 4
  },
  "draft_total_kills": {
    "n_estimators": 750,
    "max_depth": 9,
    "learning_rate": 0.01777352236199206,
    "num_leaves": 21,
    "min_child_samples": 24,
    "min_child_weight": 0.2985204351283896,
    "subsample": 0.5619035841170535,
    "subsample_freq": 5,
    "colsample_bytree": 0.5169333837019264,
    "reg_alpha": 39.209345850547805,
    "reg_lambda": 2.6518197187041745e-08,
    "random_state": 42,
    "verbosity": -1,
    "n_jobs": 4
  },
  "draft_total_towers": {
    "n_estimators": 293,
    "max_depth": 3,
    "learning_rate": 0.005014516026532904,
    "num_leaves": 19,
    "min_child_samples": 82,
    "min_child_weight": 0.008528216095251166,
    "subsample": 0.5954311107190724,
    "subsample_freq": 3,
    "colsample_bytree": 0.7039633836831478,
    "reg_alpha": 10.09637109166169,
    "reg_lambda": 0.12272152727555265,
    "random_state": 42,
    "verbosity": -1,
    "n_jobs": 4
  },
  "draft_total_dragons": {
    "n_estimators": 702,
    "max_depth": 5,
    "learning_rate": 0.014781215267016227,
    "num_leaves": 119,
    "min_child_samples": 96,
    "min_child_weight": 0.011120799143685588,
    "subsample": 0.6220003794088782,
    "subsample_freq": 4,
    "colsample_bytree": 0.9584591107182729,
    "reg_alpha": 0.14649412042242188,
    "reg_lambda": 8.211464886108362e-05,
    "random_state": 42,
    "verbosity": -1,
    "n_jobs": 4
  },
  "draft_total_barons": {
    "n_estimators": 566,
    "max_depth": 4,
    "learning_rate": 0.03944283601738593,
    "num_leaves": 66,
    "min_child_samples": 83,
    "min_child_weight": 0.036514153590221594,
    "subsample": 0.8543977833108337,
    "subsample_freq": 5,
    "colsample_bytree": 0.9330846595032501,
    "reg_alpha": 7.602672465867955e-05,
    "reg_lambda": 4.854723899305859e-05,
    "random_state": 42,
    "verbosity": -1,
    "n_jobs": 4
  }
}