{
  "draft_winner": {
    "n_estimators": 728,
    "max_depth": 8,
    "learning_rate": 0.008217510067225361,
    "num_leaves": 71,
    "min_child_samples": 83,
    "min_child_weight": 0.01799968528169785,
    "subsample": 0.6921726691488432,
    "subsample_freq": 1,
    "colsample_bytree": 0.5638954774171954,
    "reg_alpha": 5.277967388132618e-08,
    "reg_lambda": 6.139003673469041,
    "random_state": 42,
    "verbosity": -1,
    "n_jobs": 4
  },
  "draft_total_kills": {
    "n_estimators": 798,
    "max_depth": 11,
    "learning_rate": 0.006014897479947512,
    "num_leaves": 69,
    "min_child_samples": 81,
    "min_child_weight": 0.0022869309150379004,
    "subsample": 0.5633567185135703,
    "subsample_freq": 2,
    "colsample_bytree": 0.6008136308550339,
    "reg_alpha": 2.5273489202289313e-08,
    "reg_lambda": 0.0017126270419538033,
    "random_state": 42,
    "verbosity": -1,
    "n_jobs": 4
  },
  "draft_total_towers": {
    "n_estimators": 100,
    "max_depth": 4,
    "learning_rate": 0.006394445255912293,
    "num_leaves": 33,
    "min_child_samples": 87,
    "min_child_weight": 0.0017081028838702265,
    "subsample": 0.5168999050166551,
    "subsample_freq": 4,
    "colsample_bytree": 0.9206418828806888,
    "reg_alpha": 0.255865334801847,
    "reg_lambda": 2.1829719455291973e-06,
    "random_state": 42,
    "verbosity": -1,
    "n_jobs": 4
  },
  "draft_total_dragons": {
    "n_estimators": 630,
    "max_depth": 10,
    "learning_rate": 0.022037802658784928,
    "num_leaves": 60,
    "min_child_samples": 86,
    "min_child_weight": 4.922947022972231,
    "subsample": 0.9735703217426068,
    "subsample_freq": 6,
    "colsample_bytree": 0.5929217565145938,
    "reg_alpha": 16.39436384906207,
    "reg_lambda": 81.34777328484113,
    "random_state": 42,
    "verbosity": -1,
    "n_jobs": 4
  },
  "draft_total_barons": {
    "n_estimators": 474,
    "max_depth": 3,
    "learning_rate": 0.14301081115743275,
    "num_leaves": 49,
    "min_child_samples": 97,
    "min_child_weight": 0.0009623852511789008,
    "subsample": 0.91828274671331,
    "subsample_freq": 3,
    "colsample_bytree": 0.9993709722305635,
    "reg_alpha": 17.479788786998533,
    "reg_lambda": 1.4151215571028317e-05,
    "random_state": 42,
    "verbosity": -1,
    "n_jobs": 4
  }
}