{
  "draft_winner": {
    "n_estimators": 268,
    "max_depth": 7,
    "learning_rate": 0.007031721235331695,
    "num_leaves": 122,
    "min_child_samples": 94,
    "min_child_weight": 1.7654225418825432e-05,
    "subsample": 0.5442686079030505,
    "subsample_freq": 7,
    "colsample_bytree": 0.9270006833683168,
    "reg_alpha": 1.4073921123402853e-07,
    "reg_lambda": 0.0005300284006638736,
    "random_state": 42,
    "verbosity": -1,
    "n_jobs": 4
  },
  "draft_total_kills": {
    "n_estimators": 461,
    "max_depth": 7,
    "learning_rate": 0.011431739128762115,
    "num_leaves": 28,
    "min_child_samples": 80,
    "min_child_weight": 2.7692905984647843e-05,
    "subsample": 0.5304418004326507,
    "subsample_freq": 7,
    "colsample_bytree": 0.6030155901550771,
    "reg_alpha": 1.5272777558493708e-06,
    "reg_lambda": 0.017358598255285334,
    "random_state": 42,
    "verbosity": -1,
    "n_jobs": 4
  },
  "draft_total_towers": {
    "n_estimators": 105,
    "max_depth": 9,
    "learning_rate": 0.005377286485746634,
    "num_leaves": 46,
    "min_child_samples": 19,
    "min_child_weight": 2.4584434115360416,
    "subsample": 0.5335636747529449,
    "subsample_freq": 7,
    "colsample_bytree": 0.6568980483869428,
    "reg_alpha": 16.775294821732214,
    "reg_lambda": 1.3531613537845774e-07,
    "random_state": 42,
    "verbosity": -1,
    "n_jobs": 4
  },
  "draft_total_dragons": {
    "n_estimators": 271,
    "max_depth": 9,
    "learning_rate": 0.016790403476361883,
    "num_leaves": 64,
    "min_child_samples": 71,
    "min_child_weight": 0.8835840211153193,
    "subsample": 0.9044518572056502,
    "subsample_freq": 6,
    "colsample_bytree": 0.7394847876307635,
    "reg_alpha": 1.077483376036241e-05,
    "reg_lambda": 0.025932289094121035,
    "random_state": 42,
    "verbosity": -1,
    "n_jobs": 4
  },
  "draft_total_barons": {
    "n_estimators": 704,
    "max_depth": 9,
    "learning_rate": 0.022687305613084623,
    "num_leaves": 26,
    "min_child_samples": 89,
    "min_child_weight": 5.403921732935496,
    "subsample": 0.8637298276547114,
    "subsample_freq": 3,
    "colsample_bytree": 0.5734579777194952,
    "reg_alpha": 4.0184615764018776e-07,
    "reg_lambda": 0.0016919897507343446,
    "random_state": 42,
    "verbosity": -1,
    "n_jobs": 4
  }
}