{
  "draft_winner": {
    "n_estimators": 160,
    "max_depth": 3,
    "learning_rate": 0.014851023983014886,
    "num_leaves": 19,
    "min_child_samples": 36,
    "subsample": 0.7098293673363698,
    "colsample_bytree": 0.7813094145714219,
    "reg_alpha": 4.845202529037068e-08,
    "reg_lambda": 0.028739991308469433,
    "random_state": 42,
    "verbosity": -1
  },
  "draft_total_kills": {
    "n_estimators": 173,
    "max_depth": 6,
    "learning_rate": 0.012463321678384648,
    "num_leaves": 56,
    "min_child_samples": 50,
    "subsample": 0.8122312107856761,
    "colsample_bytree": 0.7902960296649729,
    "reg_alpha": 1.2627384656559781e-07,
    "reg_lambda": 4.906012863007362e-05,
    "random_state": 42,
    "verbosity": -1
  },
  "draft_total_towers": {
    "n_estimators": 122,
    "max_depth": 3,
    "learning_rate": 0.010283018088437052,
    "num_leaves": 49,
    "min_child_samples": 37,
    "subsample": 0.6688490770415766,
    "colsample_bytree": 0.7813094145714219,
    "reg_alpha": 2.7543449841400408e-08,
    "reg_lambda": 0.001386393247673457,
    "random_state": 42,
    "verbosity": -1
  },
  "draft_total_dragons": {
    "n_estimators": 144,
    "max_depth": 6,
    "learning_rate": 0.044078683925964895,
    "num_leaves": 63,
    "min_child_samples": 38,
    "subsample": 0.9645532207453671,
    "colsample_bytree": 0.6506090757484942,
    "reg_alpha": 0.0004699357974511766,
    "reg_lambda": 1.4507064247712419e-08,
    "random_state": 42,
    "verbosity": -1
  },
  "draft_total_barons": {
    "n_estimators": 430,
    "max_depth": 8,
    "learning_rate": 0.014447932105371866,
    "num_leaves": 20,
    "min_child_samples": 44,
    "subsample": 0.6966794059051484,
    "colsample_bytree": 0.8888423604789284,
    "reg_alpha": 0.002044649393619049,
    "reg_lambda": 2.600539264863286,
    "random_state": 42,
    "verbosity": -1
  }
}