{
  "draft_winner": {
    "n_estimators": 457,
    "max_depth": 12,
    "learning_rate": 0.01433891373181765,
    "num_leaves": 55,
    "min_child_samples": 93,
    "min_child_weight": 0.328021874034644,
    "subsample": 0.8167942486510158,
    "subsample_freq": 2,
    "colsample_bytree": 0.5575098693058498,
    "reg_alpha": 2.4651335546128643,
    "reg_lambda": 0.0036192808116981543,
    "random_state": 42,
    "verbosity": -1,
    "n_jobs": 4
  },
  "draft_total_kills": {
    "n_estimators": 765,
    "max_depth": 11,
    "learning_rate": 0.024762158839777653,
    "num_leaves": 15,
    "min_child_samples": 95,
    "min_child_weight": 5.257728701857145,
    "subsample": 0.8054792300951804,
    "subsample_freq": 6,
    "colsample_bytree": 0.5562146654752707,
    "reg_alpha": 89.07658689910717,
    "reg_lambda": 0.0036837381285958516,
    "random_state": 42,
    "verbosity": -1,
    "n_jobs": 4
  },
  "draft_total_towers": {
    "n_estimators": 387,
    "max_depth": 3,
    "learning_rate": 0.007680622622699926,
    "num_leaves": 114,
    "min_child_samples": 31,
    "min_child_weight": 0.002047513787266593,
    "subsample": 0.7754726392465134,
    "subsample_freq": 4,
    "colsample_bytree": 0.6460275095382331,
    "reg_alpha": 0.009249283676067156,
    "reg_lambda": 0.030642469392973763,
    "random_state": 42,
    "verbosity": -1,
    "n_jobs": 4
  },
  "draft_total_dragons": {
    "n_estimators": 741,
    "max_depth": 8,
    "learning_rate": 0.01059354287132438,
    "num_leaves": 68,
    "min_child_samples": 88,
    "min_child_weight": 8.102823283785162e-05,
    "subsample": 0.6739536985975949,
    "subsample_freq": 2,
    "colsample_bytree": 0.7201375843698946,
    "reg_alpha": 5.785036291171465e-07,
    "reg_lambda": 2.078373676876856e-08,
    "random_state": 42,
    "verbosity": -1,
    "n_jobs": 4
  },
  "draft_total_barons": {
    "n_estimators": 667,
    "max_depth": 12,
    "learning_rate": 0.058692162390067644,
    "num_leaves": 34,
    "min_child_samples": 70,
    "min_child_weight": 0.06122770563681313,
    "subsample": 0.9975893512320555,
    "subsample_freq": 1,
    "colsample_bytree": 0.7189855540932261,
    "reg_alpha": 23.687678620514127,
    "reg_lambda": 0.015605045924025543,
    "random_state": 42,
    "verbosity": -1,
    "n_jobs": 4
  }
}