{
  "draft_winner": {
    "n_estimators": 104,
    "max_depth": 3,
    "learning_rate": 0.005918810986547534,
    "num_leaves": 56,
    "min_child_samples": 90,
    "min_child_weight": 0.00042728634790456705,
    "subsample": 0.7018275262308551,
    "subsample_freq": 5,
    "colsample_bytree": 0.5997575339100195,
    "reg_alpha": 0.2506055047487577,
    "reg_lambda": 3.0445005781333188e-06,
    "random_state": 42,
    "verbosity": -1,
    "n_jobs": 4
  },
  "draft_total_kills": {
    "n_estimators": 712,
    "max_depth": 12,
    "learning_rate": 0.005906509744566401,
    "num_leaves": 33,
    "min_child_samples": 38,
    "min_child_weight": 0.0010610668206050859,
    "subsample": 0.6533729752558636,
    "subsample_freq": 3,
    "colsample_bytree": 0.5424917242838647,
    "reg_alpha": 0.0008117590063740691,
    "reg_lambda": 0.00019806982317237986,
    "random_state": 42,
    "verbosity": -1,
    "n_jobs": 4
  },
  "draft_total_towers": {
    "n_estimators": 220,
    "max_depth": 9,
    "learning_rate": 0.037406175628170044,
    "num_leaves": 102,
    "min_child_samples": 31,
    "min_child_weight": 0.00016253802113527755,
    "subsample": 0.5152624075218353,
    "subsample_freq": 5,
    "colsample_bytree": 0.5927748269962088,
    "reg_alpha": 98.29604096857713,
    "reg_lambda": 0.00015238853577513015,
    "random_state": 42,
    "verbosity": -1,
    "n_jobs": 4
  },
  "draft_total_dragons": {
    "n_estimators": 528,
    "max_depth": 6,
    "learning_rate": 0.013456679508365897,
    "num_leaves": 31,
    "min_child_samples": 88,
    "min_child_weight": 0.1761999524656817,
    "subsample": 0.8746461728083765,
    "subsample_freq": 2,
    "colsample_bytree": 0.7248182328129257,
    "reg_alpha": 0.0010950644057273683,
    "reg_lambda": 7.182842185931682e-08,
    "random_state": 42,
    "verbosity": -1,
    "n_jobs": 4
  },
  "draft_total_barons": {
    "n_estimators": 327,
    "max_depth": 9,
    "learning_rate": 0.00979953848817109,
    "num_leaves": 22,
    "min_child_samples": 55,
    "min_child_weight": 0.0008145577240543506,
    "subsample": 0.6411009788775524,
    "subsample_freq": 6,
    "colsample_bytree": 0.5892118922184753,
    "reg_alpha": 7.266940841928856e-06,
    "reg_lambda": 0.0012375078052869982,
    "random_state": 42,
    "verbosity": -1,
    "n_jobs": 4
  }
}